object	field	owner_lifetime	initializer	early_adoption	reset_destroy	copy_rule	notes
PgRuntime	kind	runtime identity	InitializePgProcessRuntime()/InitializePgThreadRuntime()	no early fallback	no destroy; runtime kind lives for runtime lifetime	scalar assigned by runtime constructor	Address-space runtime kind.
PgRuntime	current_carrier	runtime borrowed link	InitializePgProcessRuntime()/InitializePgThreadRuntime()	no early fallback	no destroy here; carrier object owns target	pointer link assigned by runtime constructor	Current carrier for the runtime.
PgRuntime	extension_backend_model	runtime owned	InitializePgProcessRuntime()/InitializePgThreadRuntime()	no early fallback	no destroy; scalar compatibility policy	scalar assigned by runtime constructor	Runtime extension backend-model compatibility policy.
PgRuntime	exit_backend	runtime callback	InitializePgProcessRuntime()/InitializePgThreadRuntime()	no early fallback	no destroy; callback target is runtime-owned code pointer	scalar assigned by runtime constructor	Optional continuation invoked after threaded backend exit cleanup.
PgRuntime	protocol_scheduler	runtime owned	PgRuntimeInitializeProtocolScheduler()	no early fallback	no destroy currently; queues are empty outside active parked/runnable backends and carrier counters live for runtime lifetime	whole bucket initialization; parked and runnable queue nodes are owned by PgBackend.protocol_park, not by the scheduler root	Phase 14/15 protocol-boundary scheduler queues, carrier counters, and resume instrumentation.
PgRuntime	server_guc	runtime owned	PgRuntimeInitializeServerGUCState()	PgRuntimeAdoptEarlyServerGUCState()	no destroy currently; runtime/server defaults live for runtime lifetime	whole bucket adoption; early fallback mirrors server GUC string slots across process/thread runtime initialization	Runtime-wide server GUC values that are not session-local.
PgRuntime	extension_modules	runtime owned	PgRuntimeInitializeExtensionModuleState()	PgRuntimeAdoptEarlyExtensionModuleState()	no destroy currently; module-wide extension state lives for runtime lifetime	whole bucket adoption; early fallback transfers module-wide context/list/hash slots into the process runtime; thread runtime copies process runtime module-wide slots during first initialization and ensures a runtime-owned extension memory context before carrier threads run	Runtime-wide in-tree extension state bridge, currently used by pg_plan_advice module context and advisor hook list, bloom relation-option name storage, and the dynamic-library rendezvous-variable hash.
PgCarrier	kind	carrier identity	InitializePgProcessRuntime()/InitializePgThreadBackendRuntimeState()	no early fallback	no destroy; carrier kind lives for carrier lifetime	scalar assigned by runtime constructor	Physical execution vehicle kind.
PgCarrier	runtime	runtime link	InitializePgProcessRuntime()/InitializePgThreadBackendRuntimeState()	no early fallback	no destroy; runtime object owns target	pointer link assigned by runtime constructor	Back-reference to owning runtime.
PgCarrier	current_backend	carrier borrowed link	InitializePgProcessRuntime()/InitializePgThreadBackendRuntimeState()	no early fallback	no destroy here; backend object owns target	pointer link assigned by runtime constructor	Currently installed logical backend for this carrier.
PgCarrier	current_session	carrier borrowed link	InitializePgProcessRuntime()/InitializePgThreadBackendRuntimeState()	no early fallback	no destroy here; session object owns target	pointer link assigned by runtime constructor	Currently installed session for this carrier.
PgCarrier	current_execution	carrier borrowed link	InitializePgProcessRuntime()/InitializePgThreadBackendRuntimeState()	no early fallback	no destroy here; execution object owns target	pointer link assigned by runtime constructor	Currently installed execution for this carrier.
PgCarrier	backend_thread_start	carrier borrowed link	zeroed with carrier	no early fallback	no destroy; launch_backend.c owns BackendThreadStart allocation	pointer link; do not free from carrier	Current native thread startup payload for thread-backed backends.
PgCarrier	is_under_postmaster	carrier owned	PgCarrierInitializeRuntimeObject() preserves early InitPostmasterChild() assignment	no early fallback	no dynamic destroy	scalar preserved across process-carrier initialization	Whether this carrier is running under the postmaster.
PgCarrier	wait_event_waiting	carrier owned	zeroed with carrier	no early fallback	no dynamic destroy	scalar wait flag	Carrier-local WaitEventSetWait wakeup flag.
PgCarrier	wait_event_signal_fd	carrier owned	PgCarrierInitializeRuntimeObject()	no early fallback	wait-event support owns descriptor lifecycle	scalar fd slot initialized to -1	Carrier-local signal self-pipe read side.
PgCarrier	wait_event_selfpipe_readfd	carrier owned	PgCarrierInitializeRuntimeObject()	no early fallback	wait-event support owns descriptor lifecycle	scalar fd slot initialized to -1	Carrier-local self-pipe read descriptor.
PgCarrier	wait_event_selfpipe_writefd	carrier owned	PgCarrierInitializeRuntimeObject()	no early fallback	wait-event support owns descriptor lifecycle	scalar fd slot initialized to -1	Carrier-local self-pipe write descriptor.
PgCarrier	wait_event_selfpipe_owner_pid	carrier owned	zeroed with carrier	no early fallback	no dynamic destroy	scalar owner pid	Owner pid associated with the carrier-local self-pipe.
PgCarrier	stack_base_ptr	carrier borrowed link	zeroed with carrier	no early fallback	no destroy; stack memory is carrier stack; backend pthreads are created with an explicit stack large enough for PostgreSQL's max_stack_depth guard	pointer link; do not free	Stack-depth check base pointer for the current carrier.
PgCarrier	threaded_guc_mutex_depth	carrier owned	zeroed with carrier	no early fallback	no dynamic destroy	scalar nesting counter	Per-carrier recursion depth for the temporary threaded GUC mutex bridge.
PgCarrier	threaded_reloptions_mutex_depth	carrier owned	zeroed with carrier	no early fallback	no dynamic destroy	scalar nesting counter	Per-carrier recursion depth for the temporary threaded reloptions mutex bridge.
PgCarrier	scheduler_execution	carrier owned	InitializePgThreadCarrierRuntimeState()/InitializePgThreadBackendRuntimeState()	no early fallback	no destroy currently; scheduler execution state lives for carrier lifetime	pointer assigned by thread carrier construction; PgExecution object is initialized with no current backend/session and must not be freed by logical backend detach	Scheduler-safe execution fallback used while a carrier has no current backend.
PgCarrier	protocol_scheduler_registered	carrier owned	zeroed with carrier; PgRuntimeProtocolSchedulerRegisterCarrier() sets it while registered	no early fallback	no dynamic destroy; PgRuntimeProtocolSchedulerUnregisterCarrier() clears it	scalar registration flag paired with PgRuntime.protocol_scheduler carrier counters	Whether this carrier is registered with the protocol scheduler.
PgCarrier	protocol_scheduler_idle	carrier owned	zeroed with carrier; protocol scheduler registration and active/idle transitions maintain it	no early fallback	no dynamic destroy; PgRuntimeProtocolSchedulerUnregisterCarrier() clears it	scalar scheduler accounting flag paired with PgRuntime.protocol_scheduler idle/active counters	Whether this registered carrier is currently idle from the protocol scheduler's perspective.
PgBackend	id	backend identity	PgBackendAssignId()	no early fallback	no reset; logical id lives for backend lifetime	scalar; never copied between live backends	Unique logical backend id.
PgBackend	runtime	runtime link	InitializePgProcessRuntime()/InitializePgThreadBackendRuntimeState()	no early fallback	no destroy; runtime owns target pointer	pointer link assigned by constructor	Points at process or thread runtime.
PgBackend	carrier	carrier link	InitializePgProcessRuntime()/InitializePgThreadBackendRuntimeState()	no early fallback	no destroy; carrier owns target pointer	pointer link assigned by constructor	Physical execution vehicle link.
PgBackend	session	session link	InitializePgProcessRuntime()/InitializePgThreadBackendRuntimeState()	no early fallback	no destroy here; session object owns target	pointer link assigned by constructor	Back-reference to logical session.
PgBackend	connection	connection link	InitializePgProcessRuntime()/InitializePgThreadBackendRuntimeState()	no early fallback	no destroy here; connection object owns target	pointer link assigned by constructor	Back-reference to frontend connection.
PgBackend	execution	execution link	InitializePgProcessRuntime()/InitializePgThreadBackendRuntimeState()	no early fallback	no destroy here; execution object owns target	pointer link assigned by constructor	Back-reference to active execution.
PgBackend	interrupts	backend owned	PgBackendInitializeInterrupts()	no early fallback	backend lifetime; mailbox consumed by PgBackendConsumeInterrupts()	scalar mailbox; no pointer adoption	Logical interrupt mailbox.
PgBackend	interrupt_latch	backend borrowed link	PgBackendSetInterruptLatch()	no early fallback	not owned; latch lifetime outside bucket	pointer link; do not free here	Interrupt wake target.
PgBackend	exit_state	backend owned	PgBackendInitializeExitState()	PgBackendAdoptEarlyExitState()	PgBackendExitCleanup()/shmem_exit() drain callback stacks once and set proc_exit_done so the atexit backstop is a no-op after normal PgBackendExit(); retained_top_memory_context is preserved through closed-backend reset so thread-finish can account the carrier top context after execution memory slots are cleared; PgBackendInitializeExitState() zeros inline callback arrays, indexes, flags, and retained accounting pointers	whole bucket adoption; reset early fallback; retained_top_memory_context is a borrowed pointer captured before cleanup and must not be freed through the exit-state bucket	Backend-local exit callback state and retained top-memory accounting handoff.
PgBackend	core	backend owned	PgBackendResetCoreState()	PgBackendAdoptEarlyCoreState()	backend lifetime; latch pointer is borrowed and remaining fields are inline identity/scratch	whole bucket adoption; latch pointer must not be freed by bucket	Core backend identity and latch-facing state.
PgBackend	command	backend owned	PgBackendInitializeCommandState()	PgBackendAdoptEarlyState()	backend lifetime; argv/rusage/timeval storage borrowed or inline	whole bucket adoption	Command and command-counter state.
PgBackend	log_state	backend owned	PgBackendInitializeLogState()	PgBackendAdoptEarlyState()	backend lifetime; inline buffers and counters need no dynamic destroy	whole bucket adoption	Logging scratch state.
PgBackend	expr_interp	backend owned	PgBackendInitializeExprInterpState()	PgBackendAdoptEarlyState()	backend lifetime; dispatch table is borrowed and reverse table is inline	whole bucket adoption; dispatch table pointer must not be freed by bucket	Expression interpreter scratch state.
PgBackend	timeout	backend owned	PgBackendInitializeTimeoutState()	PgBackendAdoptEarlyState()	PgBackendResetClosedState()/PgBackendResetTimeoutClosedState() clears active timeout arrays, signal flags, handler registrations, and stale PgBackend/PgExecution target pointers for a closed logical backend	whole bucket adoption; closed-backend reset is distinct from disable_all_timeouts(), which preserves handler registrations for a live backend	Logical timeout state.
PgBackend	walsender	backend owned	PgBackendInitializeWalSenderState()	PgBackendAdoptEarlyState()	PgBackendResetClosedState() frees still-owned WAL reader/decoding context, manifest context, message buffers, replication command context, and lag tracker; shared WalSnd slot remains callback-owned	scalar early adoption only; resource pointers/StringInfo buffers must be NULL before adoption	WAL sender backend-local state.
PgBackend	replication	backend owned	PgBackendInitializeReplicationState()	PgBackendAdoptEarlyState()	PgBackendResetClosedState() disconnects stale WAL receiver connection pointers, closes lingering receiver file fd, and frees reply buffer; replication slots remain callback-owned	scalar early adoption only; slot/connection/file/StringInfo resources must be empty before adoption	Replication backend-local state.
PgBackend	logical_replication	backend owned	PgBackendInitializeLogicalReplicationState()	PgBackendAdoptEarlyState()	PgBackendResetClosedState() disconnects stale worker WAL receiver connections, closes stream BufFile, frees copy/subxact/slotsync/list/hash state, detaches launcher DSA/dshash mappings, deletes ApplyContext and the parallel-apply message context; shared worker slots/filesets remain callback-owned	scalar early adoption only; lists/contexts/HTABs/DSA/BufFile/pointers must be empty before adoption	Logical replication worker state.
PgBackend	xlog	backend owned	PgBackendInitializeXLogState()	PgBackendAdoptEarlyState()	PgBackendResetClosedState() closes lingering WAL file fd and deletes WAL debug/index redo operation contexts	scalar early adoption only; open file and memory contexts must be empty before adoption	XLog backend-local state.
PgBackend	recovery	backend owned	PgBackendInitializeRecoveryState()	PgBackendAdoptEarlyState()	PgBackendResetClosedState() destroys any retained recovery lock HTABs and clears recovery conflict/startup signal state after ShutdownRecoveryTransactionEnvironment() has owned normal virtual transaction cleanup	scalar early adoption only; recovery HTABs must be NULL before adoption	Recovery conflict and startup state.
PgBackend	maintenance_worker	backend owned	PgBackendInitializeMaintenanceWorkerState()	PgBackendAdoptEarlyState()	PgBackendResetClosedState() frees archiver error string/module state/library string/file-list heap, deletes archive context after module shutdown callback, and deletes retained background-writer, WAL-writer, checkpointer, and WAL-summarizer work contexts for closed logical workers; archive module internal allocations remain callback-owned	scalar early adoption only; archive pointers/context/library state and worker work-context pointers must be empty before adoption	Maintenance worker state.
PgBackend	autovacuum	backend owned	PgBackendInitializeAutovacuumState()	PgBackendAdoptEarlyState()	PgBackendResetClosedState() deletes AutovacMemCxt, clears database-list child context/array/worker pointer, and reinitializes list head after FreeWorkerInfo callback ownership	scalar early adoption only; list heads are reinitialized and list/context/array/worker pointers must be empty before adoption	Autovacuum state; empty early database list asserted.
PgBackend	repack	backend owned	PgBackendInitializeRepackState()	PgBackendAdoptEarlyState()	PgBackendResetClosedState() clears retained scalar locator/worker flags, deletes the repack message context, and detaches a lingering worker DSM segment after stop_repack_decoding_worker()/RepackWorkerShutdown() have owned live worker cleanup	scalar early adoption only; decoding worker, DSM segment, and message context must be NULL before adoption	Repack/check state.
PgBackend	aio	backend owned	PgBackendInitializeAioState()	PgBackendAdoptEarlyState()	pgaio_shutdown() drains in-flight IO; PgBackendResetClosedState() clears backend pointer, worker id, and borrowed uring context	scalar early adoption only; AIO backend and uring context must be NULL before adoption	AIO worker state.
PgBackend	extension_modules	backend owned	PgBackendInitializeExtensionModuleState()	PgBackendAdoptEarlyState()	PgBackendResetClosedState() detaches pg_stash_advice dshash handles and DSA mapping, deletes the local attachment memory context, clears the pg_stash_advice fixed shared-state pointer, clears the borrowed pg_prewarm autoprewarm shared-state pointer, and restores the basic_archive custom-GUC default	whole bucket adoption; shared DSM contents remain owned by DSM registry/shared memory and are not freed by this bucket; early fallback transfers the basic_archive custom-GUC backing slot into the real backend	Opaque per-backend in-tree extension attachment state bridge, currently used by basic_archive custom-GUC backing state, pg_stash_advice DSM/DSA/dshash attachments, and pg_prewarm autoprewarm shared-state attachment.
PgBackend	pgstat_pending	backend owned	PgBackendInitializePgStatPendingState()	PgBackendAdoptEarlyState()	PgBackendResetClosedState() asserts pgstat shutdown has drained pending entries, released entry refs, and detached shared hash/DSA mappings; deletes retained fixed-snapshot, local snapshot, shared-ref, entry-ref-hash, and pending-entry contexts; then reinitializes the bucket	whole bucket adoption; fixed custom snapshot data moves with fixed_snapshot_context, per-snapshot hash data moves with local.snapshot.context, and pending list, entry-ref hash, shared hash, and DSA mapping must be empty/NULL before closed-backend reset	Pending pgstat state.
PgBackend	activity	backend owned	PgBackendInitializeActivityState()	PgBackendAdoptEarlyState()	PgBackendResetClosedState() deletes backend-status snapshot context and clears local backend-status table/count; pgstat/backend status cleanup owns shared slot detachment	whole bucket adoption; backend-status snapshot context owns copied pg_stat_activity rows and strings	Activity and status-reporting scratch.
PgBackend	memory_manager	backend owned	PgBackendInitializeMemoryManagerState()	PgBackendAdoptEarlyState()	PgBackendResetClosedState() clears retained AllocSet freelist bookkeeping and log-memory-context state; it does not walk freelist links because actual freelist storage is owned by memory-context teardown or process exit	early adoption moves the freelist bucket and resets the fallback; freelist ownership remains tied to retained memory-context teardown	Memory manager bridge state.
PgBackend	utility	backend owned	PgBackendInitializeUtilityState()	PgBackendAdoptEarlyState()	PgBackendResetClosedState() detaches async global-channel dshash/DSA mappings, destroys extension sibling cache, injection-point cache, utility cache context, seq-scan tracking, resource-release callback list, formatting cache entries and their backend-owned allocation context, libxml context, and missing-attribute cache	whole bucket adoption; DCH/NUM formatting cache arrays, counters, and format_cache_context may move from early fallback, while other cache/list/context/resource callback pointers including async global-channel attachments and utility_cache_context must be empty before adoption	Utility cache/scratch state, including backend-local LISTEN/NOTIFY global-channel shared-memory attachments.
PgBackend	parallel	backend owned	PgBackendInitializeParallelState()	PgBackendAdoptEarlyState()	PgBackendResetClosedState() asserts the active ParallelContext list is empty, detaches lingering pqmq state, deletes the parallel worker message context, and clears parallel worker/leader flags after AtEOXact_Parallel() owns active context teardown	whole bucket adoption; active context list and message context must be empty before early adoption; active context list must be empty before closed-backend reset	Parallel query and pqmq backend-local state.
PgBackend	instrumentation	backend owned	PgBackendInitializeInstrumentationState()	PgBackendAdoptEarlyState()	backend lifetime; inline usage counters need no dynamic destroy	whole bucket adoption	Instrumentation scratch state.
PgBackend	buffers	backend owned	PgBackendInitializeBufferState()	PgBackendAdoptEarlyState()	PgBackendResetClosedState() asserts no retained pins/overflow refs, reinitializes constructor defaults in process-mode proc_exit after buffer callbacks, and frees local-buffer arrays/context plus private refcount arrays/hash and BackendBufferContext for non-exit retained-backend cleanup	whole bucket adoption; AtEOXact_Buffers()/AtProcExit_Buffers() own semantic pin cleanup before closed-backend reset, and process exit owns already-context-bound helper allocations	Buffer manager backend-local state.
PgBackend	storage	backend owned	PgBackendInitializeStorageState()	PgBackendAdoptEarlyState()	PgBackendResetClosedState()/PgBackendResetStorageClosedState() reclaims fd.c VFD and AllocateDesc arrays, destroys pending-sync and smgr hash/list state, deletes pending-sync and md memory contexts, and reinitializes the bucket after normal transaction/proc-exit cleanup has owned semantic file/temp-file callbacks	whole bucket adoption; smgr relation list heads are reinitialized and residual fd.c arrays are defensively closed during closed-backend reset	Storage manager backend-local state.
PgBackend	locks	backend owned	PgBackendInitializeLockState()	PgBackendAdoptEarlyState()	PgBackendResetClosedState() frees the owned fast-path counter array and deadlock detector workspace, deletes retained LWLock stats context/hash storage, then clears lock-manager scratch; normal lock/resource-owner cleanup still owns held locks, LOCALLOCK entries, lock owner arrays, and shmem-exit stats printing	whole bucket adoption; owned fast-path/deadlock allocation flags move with their pointers, while local lock hash contents and borrowed wait pointers must not be shallow-copied between concurrently live backends; LWLock stats callback stacks must be drained or reset before deleting retained stats storage	Lock manager backend-local state.
PgBackend	ipc	backend owned	PgBackendInitializeIPCState()	PgBackendAdoptEarlyState()	PgBackendResetClosedState() detaches retained DSM registry dshash/DSA mappings, frees the latch WaitEventSet, and clears proc-signal/sinval scratch after IPC exit callbacks own shared-slot release	whole bucket adoption; proc-signal and sinval shared slots remain callback-owned, local latch storage is reinitialized	IPC and sinval backend-local state.
PgBackend	transaction	backend owned	PgBackendInitializeTransactionState()	PgBackendAdoptEarlyState()	PgBackendResetClosedState() asserts the multixact cache is empty, deletes the multixact context/debug string, and clears cached transaction state after transaction abort/exit cleanup owns live state	whole bucket adoption; multixact cache must be empty before closed-backend reset	Transaction manager backend-local state.
PgBackend	pending_interrupts	backend owned	zeroed with backend	PgBackendAdoptEarlyState()	consumed/reset by interrupt application	scalar whole bucket adoption	Pending interrupt flags.
PgBackend	interrupt_holdoffs	backend owned	zeroed with backend	PgBackendAdoptEarlyState()	reset by backend lifecycle	scalar whole bucket adoption	Holdoff and critical-section counters.
PgBackend	wait_state	backend owned	PgBackendInitializeWaitState()	PgBackendAdoptEarlyState()	PgBackendResetClosedState() clears current wait fields and repairs the wait-event pointer to the backend-local slot	whole bucket adoption; early adoption repairs pointers that referenced fallback local wait storage	Wait-event backend-local state.
PgBackend	protocol_park	backend owned	PgBackendInitializeProtocolParkState()	no early fallback	no destroy currently; scheduler remove/resume paths unlink parked/runnable nodes before backend exit	whole bucket initialization; scheduler_node must be initialized before a backend can enter protocol scheduler queues	Protocol-boundary park state, wake generations, deferred notify marker, and scheduler queue node.
PgBackend	my_proc	shared-memory borrowed link	PgBackendInitializeProcNumberState()	PgBackendAdoptEarlyState()	shared PGPROC lifecycle owns object	pointer link; do not free	Current PGPROC pointer.
PgBackend	my_proc_number	backend identity	PgBackendInitializeProcNumberState()	PgBackendAdoptEarlyState()	no destroy; scalar identity	scalar copy on adoption	Current ProcNumber.
PgBackend	parallel_leader_proc_number	backend identity	PgBackendInitializeProcNumberState()	PgBackendAdoptEarlyState()	no destroy; scalar identity	scalar copy on adoption	Parallel leader ProcNumber.
PgBackend	my_beentry	shared-memory borrowed link	zeroed with backend	PgBackendAdoptEarlyState()	shared PgBackendStatus lifecycle owns object	pointer link; do not free	Current backend status entry.
PgBackend	my_bgworker_entry	shared-memory borrowed link	zeroed with backend	PgBackendAdoptEarlyState()	postmaster/bgworker registry owns object	pointer link; do not free	Background worker registration entry.
PgBackend	aux_process_resource_owner	backend borrowed link	zeroed with backend	PgBackendAdoptEarlyState()	resource owner cleanup owns target	pointer link; target cleanup external	Auxiliary process resource owner.
PgBackend	dsm_segment_list	backend owned	PgBackendInitializeDsmSegmentList()	PgBackendAdoptEarlyDsmSegmentList()	PgBackendResetDsmSegmentList() detaches outstanding mappings and reinitializes the list; PgBackendResetDsmStateAfterFork() drops fork-copied early DSM list links without detaching or changing refcounts because the child did not attach those mappings as its logical backend	move early fallback nodes with dlist operations; never shallow-copy a dlist_head; fork reset discards copied list links rather than treating them as owned child mappings	Backend-local DSM segment list.
PgBackend	backend_type	backend identity	InitializePgProcessRuntime()/InitializePgThreadBackendRuntimeState()	no early fallback	no destroy; scalar identity	scalar assigned by constructor	BackendType classification.
PgSession	backend	backend link	InitializePgProcessRuntime()/InitializePgThreadBackendRuntimeState()	no early fallback	no destroy here; backend owns target	pointer link assigned by constructor	Back-reference to backend object.
PgSession	connection	connection link	InitializePgProcessRuntime()/InitializePgThreadBackendRuntimeState()	no early fallback	no destroy here; connection owns target	pointer link assigned by constructor	Back-reference to connection object.
PgSession	execution	execution link	InitializePgProcessRuntime()/InitializePgThreadBackendRuntimeState()	no early fallback	no destroy here; execution owns target	pointer link assigned by constructor	Back-reference to active execution.
PgSession	legacy_session	session owned compatibility payload	InitializeSession()/PgSessionGetLegacySession()	PgCurrentLegacySession() and PgCurrentLegacySessionRef() use the process-session object fallback for pre-current legacy callers	PgSessionResetClosedState() clears legacy_session after shmem_exit/DetachSession paths have detached DSM/DSA mappings and after legacy_session_context reset has deleted the payload context	pointer link; payload is allocated under legacy_session_context and is not copied; endpoint is folding access/session.h payload into PgSession	Bridge to access/session.h Session and the CurrentSession compatibility macro.
PgSession	legacy_session_context	session owned compatibility context	created by PgSessionGetLegacySession()	no early fallback	PgSessionResetClosedState() deletes context and clears legacy_session	context pointer owned by session; never copied across sessions	Allocation endpoint for the legacy access/session.h payload while the bridge remains.
PgSession	loop_state	session owned	PgSessionInitializeLoopState()	PgSessionAdoptEarlyState()	reset on session creation; no separate destroy	scalar whole bucket adoption	PostgresMain loop flags.
PgSession	tcop	session owned	PgSessionInitializeTcopState()	PgSessionAdoptEarlyState()	PgSessionResetClosedState() drops any leftover unnamed cached plan and deletes row_description_context	scalar switch flags may be adopted from early fallback; unnamed_stmt_psrc and row_description_context/buffer must be empty before early adoption and must never be shallow-copied between live sessions; row_description_context owns the reusable row_description_buf storage	PostgresMain session protocol state for unnamed prepared statement, interactive switches, and reused RowDescription buffer.
PgSession	database	session owned	zeroed with session	PgSessionAdoptEarlyState()	PgSessionResetClosedState() deletes database_path_context and falls back to pfree only for legacy/test-owned database_path strings without a context	scalar/pointer whole bucket adoption; database_path_context, database_path, and the ownership flag move together, and the path must not be shallow-copied between live sessions	Current database/user namespace state.
PgSession	tablespace	session owned	PgSessionInitializeTablespaceState()	PgSessionAdoptEarlyState()	GUC reset machinery owns string allocations; bucket owns pointer slots and scalars	whole bucket adoption; string variables rebound through RebindSessionGUCVariablePointers()	Tablespace GUC/session state.
PgSession	binary_upgrade	session owned	PgSessionInitializeBinaryUpgradeState()	PgSessionAdoptEarlyState()	no dynamic destroy currently	scalar whole bucket adoption	Binary upgrade OID override state.
PgSession	datetime	session owned	PgSessionInitializeDateTimeState()	PgSessionAdoptEarlyState()	GUC reset machinery owns DateStyle/timezone string allocations and the timezone-abbreviation table extra value; pg_tz cache owns timezone objects; timezone-abbreviation lookup cache is inline session scratch reset by InstallTimeZoneAbbrevs()/ClearTimeZoneAbbrevCache()	whole bucket adoption; string variables rebound through RebindSessionGUCVariablePointers(); timezone-abbreviation table pointer is borrowed and inline cache is copied with the bucket	Date/time session state and timezone-abbreviation cache.
PgSession	parser	session owned	PgSessionInitializeParserState()	PgSessionAdoptEarlyState()	PgSessionResetClosedState() destroys operator lookup hash	whole bucket adoption; operator lookup hash belongs to session	Parser session state.
PgSession	vacuum	session owned	PgSessionInitializeVacuumState()	PgSessionAdoptEarlyState()	PgSessionResetClosedState() restores vacuum GUC/default scalars after vacuum cleanup owns active allocations	scalar whole bucket adoption	Vacuum session GUC/cache state.
PgSession	buffer_io	session owned	PgSessionInitializeBufferIOState()	PgSessionAdoptEarlyState()	no dynamic destroy currently; scalar GUC backing state	scalar whole bucket adoption	Buffer I/O session state.
PgSession	xact_defaults	session owned	PgSessionInitializeXactDefaultState()	PgSessionAdoptEarlyState()	no dynamic destroy currently; scalar GUC backing state	scalar whole bucket adoption	Transaction default GUC state.
PgSession	lock_wait	session owned	PgSessionInitializeLockWaitState()	PgSessionAdoptEarlyState()	PgSessionResetClosedState() restores lock-wait GUC/default scalars after LockErrorCleanup()/ProcSleep() own active wait state	scalar whole bucket adoption	Lock wait GUC/state.
PgSession	logging	session owned	PgSessionInitializeLoggingState()	PgSessionAdoptEarlyState()	GUC reset machinery owns string allocations; backtrace assign hook owns parsed list string	whole bucket adoption; string variables rebound through RebindSessionGUCVariablePointers()	Logging GUC state.
PgSession	misc_guc	session owned	PgSessionInitializeMiscGUCState()	PgSessionAdoptEarlyState()	GUC reset machinery owns string allocations; dynamic-library handles/lists are owned separately; update_process_title is scalar GUC backing state	whole bucket adoption; string variables rebound through RebindSessionGUCVariablePointers(); process-title flag is copied scalar state	Miscellaneous session GUC state.
PgSession	guc	session owned	PgSessionInitializeGUCState()	PgSessionAdoptEarlyState()	PgSessionResetClosedState() deletes GUCMemoryContext, which owns the per-session copied GUC records, hash table, custom variable records, stack entries, and list nodes; reset reinitializes list heads and scalar flags; runtime-global reserved GUC prefixes deliberately use runtime-lifetime storage under PgRuntime.extension_modules, not this session context	whole bucket adoption; early fallback transfers the GUC context, record array, hash table, list heads, reporting flag, and nest level into the real session, then reinitializes fallback storage; these pointers/lists must not be shallow-copied between concurrently live sessions	Central per-session GUC registry and transaction/reporting state.
PgSession	pgstat	session owned	PgSessionInitializePgStatState()	PgSessionAdoptEarlyState()	PgSessionResetClosedState() restores pgstat tracking/fetch/session-end defaults after pgstat shutdown owns session stats reporting and refs	whole bucket adoption	Pgstat session state.
PgSession	query_id	session owned	PgSessionInitializeQueryIdState()	PgSessionAdoptEarlyState()	no dynamic destroy currently	scalar whole bucket adoption	Query ID GUC state.
PgSession	storage_guc	session owned	PgSessionInitializeStorageGUCState()	PgSessionAdoptEarlyState()	no dynamic destroy currently; scalar GUC backing state	scalar whole bucket adoption	Storage GUC state.
PgSession	user_guc	session owned	PgSessionInitializeUserGUCState()	PgSessionAdoptEarlyState()	GUC reset machinery owns createrole_self_grant string; assign hook owns derived scalar fields	whole bucket adoption; string variables rebound through RebindSessionGUCVariablePointers()	User/session GUC state.
PgSession	user_identity	session owned	PgSessionInitializeUserIdentityState()	PgSessionAdoptEarlyState()	session authorization/reset-role paths own identity changes; PgSessionResetClosedState() deletes system_user_context, falls back to pfree only for legacy/test-owned system_user strings without a context, frees role-membership cache lists, and invalidates cached roles	scalar/pointer whole bucket adoption; system_user_context, system_user, and the ownership flag move together; role-membership cache lists are object slots whose list cells are copied into TopMemoryContext by acl.c and released by session reset	Current user identity and role-membership cache state.
PgSession	command_guc	session owned	PgSessionInitializeCommandGUCState()	PgSessionAdoptEarlyState()	no dynamic destroy currently; scalar GUC backing state	scalar whole bucket adoption	Command GUC state.
PgSession	replication_guc	session owned	PgSessionInitializeReplicationGUCState()	PgSessionAdoptEarlyState()	no dynamic destroy currently; scalar GUC backing state	scalar whole bucket adoption	Replication GUC state.
PgSession	logical_replication	session owned	PgSessionInitializeLogicalReplicationState()	PgSessionAdoptEarlyState()	PgSessionResetClosedState() deletes logical relation-map and partition-map contexts, destroys fallback hashes if any, destroys pgoutput relation sync hash, and resets scalar validity flags; replication-origin shared refcount cleanup remains owned by replorigin_session_reset()/ReplicationOriginExitCleanup()	early adoption asserts all pointer/hash/context slots are empty; relation-map contexts own their hashes and entries; pgoutput relation sync hash is a session cache; session_replication_state is a borrowed shared-memory pointer that must not be shallow-copied between concurrently live sessions	Logical replication session caches for replication origin, subscriber relation maps, pgoutput relation sync, and sync-worker relation-state validity.
PgSession	general_guc	session owned	PgSessionInitializeGeneralGUCState()	PgSessionAdoptEarlyState()	GUC reset machinery owns role/session-authorization string allocation; bucket owns compatibility pointer slots and scalars	whole bucket adoption; string variables rebound through RebindSessionGUCVariablePointers()	General GUC state.
PgSession	access_wal_guc	session owned	PgSessionInitializeAccessWalGUCState()	PgSessionAdoptEarlyState()	GUC reset machinery owns string allocations; wal_consistency bitmap is GUC/check-hook owned	whole bucket adoption; wal_consistency pointer must not be freed by bucket	Access/WAL GUC state.
PgSession	jit_guc	session owned	PgSessionInitializeJitGUCState()	PgSessionAdoptEarlyState()	GUC reset machinery owns jit_provider string allocation; bucket owns pointer slot and scalars	whole bucket adoption; string variables rebound through RebindSessionGUCVariablePointers()	JIT GUC state.
PgSession	jit_provider_state	session owned	PgSessionInitializeJitProviderState()	PgSessionAdoptEarlyState()	no dynamic destroy currently; dynamic library handles and provider-private resources are owned by dfmgr/provider callbacks	whole bucket adoption; copied callback function pointers refer to loaded provider code and must not be freed by bucket	JIT provider callback cache and load-status flags.
PgSession	llvm_jit	session owned	PgSessionInitializeLLVMJitState()	PgSessionAdoptEarlyState()	LLVM provider owns and resets this bucket through llvm_shutdown(), llvm_release_context(), llvm_inline_reset_caches(), and context recreation; process exit callbacks dispose ORC/thread-safe contexts, resource owners release active LLVMJitContexts, and type/template refs are rebuilt from llvmjit_types.bc per session	whole bucket adoption; LLVM handles, modules, contexts, target refs, and type/template refs must not be shallow-copied between concurrently live sessions; provider callbacks own normal shutdown before session reset	LLVM provider-private session cache for type refs, template refs, module metadata, context reuse counters, and ORC JIT instances.
PgSession	sort_guc	session owned	PgSessionInitializeSortGUCState()	PgSessionAdoptEarlyState()	no dynamic destroy currently; scalar GUC backing state	scalar whole bucket adoption	Sort GUC state.
PgSession	text_search	session owned	PgSessionInitializeTextSearchState()	PgSessionAdoptEarlyState()	GUC reset machinery owns config string allocation; OID cache is scalar; PgSessionResetClosedState() destroys parser/dictionary/config cache hashes, dictionary private memory contexts, and config map arrays before catalog lookup reset may delete CacheMemoryContext	whole bucket adoption; string variables rebound through RebindSessionGUCVariablePointers(); cache hash and last-used pointers move together with the owning logical session; dictionary/config entries can own data under CacheMemoryContext and therefore reset before catalog_lookup	Text search session state and text-search parser/dictionary/config caches.
PgSession	connection_guc	session owned	PgSessionInitializeConnectionGUCState()	PgSessionAdoptEarlyState()	GUC reset machinery owns string allocations; application-name reporting owns external side effects; ssl_renegotiation_limit is a scalar compatibility slot	whole bucket adoption; string variables rebound through RebindSessionGUCVariablePointers()	Connection GUC state.
PgSession	query_memory	session owned	PgSessionInitializeQueryMemoryState()	PgSessionAdoptEarlyState()	no dynamic destroy currently; scalar GUC backing state	scalar whole bucket adoption	Query memory GUC state.
PgSession	planner_cost	session owned	PgSessionInitializePlannerCostState()	PgSessionAdoptEarlyState()	no dynamic destroy currently	scalar whole bucket adoption	Planner cost GUC state.
PgSession	planner_method	session owned	PgSessionInitializePlannerMethodState()	PgSessionAdoptEarlyState()	no dynamic destroy currently	scalar whole bucket adoption	Planner method GUC state.
PgSession	function_manager	session owned	PgSessionInitializeFunctionManagerState()	PgSessionAdoptEarlyState()	PgSessionResetClosedState() destroys the fmgr C-function hash, calls funccache.c's cached-function hash destructor, and deletes the function-manager memory context; dynamic library handles remain runtime-owned	whole bucket adoption; fmgr and funccache hash storage, copied funccache tuple descriptors, and cached-function wrapper structs are owned by the function-manager memory context; fmgr entries point to dynamic-loader metadata and do not own dynamic-library handles; cached-function entries can own language-specific cached-function state, and the destructor follows funccache's historical leak-on-active-use rule	Function manager session caches for external C functions and language cached-function execution data.
PgSession	extension_modules	session owned	PgSessionInitializeExtensionModuleState()	PgSessionAdoptEarlyState()	PgSessionResetClosedState() invokes registered reset callbacks with the closing session installed, clears callback list, deletes PL/Python/PL/Perl/PL/Tcl/PL/Sample allocation parent contexts, deletes sepgsql label and AVC contexts, clears the PL/pgSQL private-state pointer, clears PL/Python procedure-cache slots, clears PL/Perl interpreter/procedure/custom-GUC/current-call slots, clears PL/Tcl interpreter/procedure/cache slots, clears refint SPI plan cache slots, clears sepgsql label/AVC slots, clears pgcrypto DES cache state, clears dblink and postgres_fdw connection/cache slots, and restores auth_delay, basebackup_to_shell, auto_explain, isn, passwordcheck, pg_trgm, pg_plan_advice, and pg_stash_advice custom-GUC defaults	whole bucket adoption; early fallback transfers private-state pointer, callback list, PL/Python allocation parent/procedure-cache pointer/registration flag, PL/Perl allocation parent/custom-GUC string/scalar slots, interpreter and procedure hash pointers, active/held interpreter pointers, current-call pointer, and registration/init/shutdown flags, PL/Tcl allocation parent/custom-GUC string slots/interpreter and procedure hash pointers/current-call pointer/registration flag, PL/Sample allocation parent pointer, refint SPI plan cache pointer/count pairs and registration flag, sepgsql label and AVC context/list/scalar slots, pgcrypto DES scalar/array state, dblink pointer slots/registration flag, postgres_fdw connection and shippability cache slots/counters/flags, auth_delay/basebackup_to_shell/isn/passwordcheck custom-GUC backing slots, auto_explain custom-GUC backing state, pg_trgm custom-GUC scalars, pg_plan_advice session scalars/string slot, and pg_stash_advice stash-name string slot into the real session; callbacks must own cleanup for pointed extension-private state before language parent contexts and dynamic_library_context are deleted	Opaque per-session in-tree extension state bridge, currently used by PL/pgSQL, PL/Python procedure caches and allocation parent contexts, PL/Perl interpreter/procedure caches, allocation parent contexts, and custom-GUC backing state, PL/Tcl interpreter/procedure caches, allocation parent contexts, and custom-GUC backing strings, PL/Sample allocation parent context, refint SPI plan caches, sepgsql client-label and AVC state, pgcrypto DES cache state, dblink persistent connections, postgres_fdw connection and shippability caches, auth_delay/basebackup_to_shell/isn/passwordcheck custom-GUC backing state, auto_explain custom-GUC backing state, pg_trgm custom-GUC backing state, pg_plan_advice session state, and pg_stash_advice session state.
PgSession	catalog_lookup	session owned	PgSessionInitializeCatalogLookupState()	PgSessionAdoptEarlyState()	PgSessionResetClosedState() destroys attribute-options, relfilenumber, and tablespace hash roots, deletes the event-trigger cache context and clears any orphaned event-trigger hash pointer as stale context-owned state, frees retained ruleutils SPI plans, deletes the CacheMemoryContext after dependent cache roots and text-search cache entries have been handled, switches CurrentMemoryContext to TopMemoryContext first when deleting the current context, closes the ICU converter through pg_locale_icu.c, clears inline relfilenumber scan keys, clears syscache/catcache root arrays/header, clears relcache root hashes, hardcoded descriptor pointers, build flags, and invalidation counter, and clears typcache root hashes, domain list, in-progress stack pointer/counters, record-cache array pointer/counters, and tupledesc counter	whole bucket adoption; early fallback transfers session cache roots and the CacheMemoryContext slot into the real session then zeros fallback storage; cache/context/hash/SPI-plan/ICU-converter/catcache/relcache/typcache pointers must not be shallow-copied between concurrently live sessions; event-trigger cache hash storage is EventTriggerCacheContext-owned and is never an independent teardown owner; inline ScanKeyData and syscache OID arrays are copied by value; relcache RelationId/opclass dynahash private contexts, hardcoded pg_class/pg_index tuple descriptors, and typcache/record dynahash private contexts are CacheMemoryContext-owned	Catalog lookup and formatting support caches for CacheMemoryContext, syscache root arrays, catcache header, relcache RelationId and opclass roots plus build/invalidation scalars and hardcoded pg_class/pg_index descriptors, typcache and record-cache roots/counters, attribute options, relfilenumber mapping, tablespace options, event triggers, ruleutils SPI plans, and ICU conversion.
PgSession	invalidation_callbacks	session owned	PgSessionInitializeInvalidationCallbackState()	PgSessionAdoptEarlyState()	PgSessionResetClosedState() clears callback registrations after dependent session caches are destroyed	whole bucket adoption; callbacks are function pointers plus Datum args and do not own target cache storage	Per-session syscache, relcache, and relsync invalidation callback registry.
PgSession	ri_globals	session owned	PgSessionInitializeRIGlobalsState()	PgSessionAdoptEarlyState()	PgSessionResetClosedState() destroys RI constraint/query/compare hash roots, reinitializes the valid-entry list, resets the fast-path xact callback registration guard, and resets debug_discard_caches to its default; saved SPI plans pointed to by the RI query cache remain part of the broader SPI/TopMemoryContext ownership split until that split is closed	whole bucket adoption; hash roots and valid-list head move with the logical session and must not be copied between concurrently live sessions; fastpath_xact_callback_registered and debug_discard_caches are scalar state	Referential-integrity trigger session caches, fast-path callback registration guard, and debug cache-discard GUC state.
PgSession	relmap	session owned	PgSessionInitializeRelMapState()	PgSessionAdoptEarlyState()	PgSessionResetClosedState() resets loaded shared/local map files to unloaded empty state; transaction active/pending relmap updates remain execution-owned	whole bucket adoption; loaded map files are inline scalar storage copied by value	Relation mapper loaded shared/local session map state.
PgSession	prepared_statement	session owned	PgSessionInitializePreparedStatementState()	PgSessionAdoptEarlyState()	PgSessionResetClosedState() drops prepared statements and destroys the retained hash table	whole bucket adoption; prepared plans are dropped before destroying the hash	Prepared statement state.
PgSession	on_commit	session owned	PgSessionInitializeOnCommitState()	PgSessionAdoptEarlyState()	PgSessionResetClosedState() frees any leftover ON COMMIT action list cells after transaction cleanup	whole bucket adoption; list cells are session-owned	ON COMMIT action state.
PgSession	sequence	session owned	PgSessionInitializeSequenceState()	PgSessionAdoptEarlyState()	PgSessionResetClosedState()/ResetSequenceCaches() destroy sequence hash and clear last-used pointer	whole bucket adoption; sequence hash belongs to session	Sequence session state.
PgSession	xact_callbacks	session owned	PgSessionInitializeXactCallbackState()	PgSessionAdoptEarlyState()	PgSessionResetClosedState()/ResetXactCallbackState() frees registered xact and subxact callback list nodes, then deletes the session-owned callback allocation context	whole bucket adoption; callback nodes are allocated in the session-owned xact callback context and own only function pointers plus opaque args, while the pointed args remain callback-owner responsibility	Transaction and subtransaction callback registration lists and allocation context.
PgSession	backup	session owned	PgSessionInitializeBackupState()	PgSessionAdoptEarlyState()	PgSessionResetClosedState() aborts a running backup through do_pg_abort_backup(), deletes backup_context, and clears backup_state/tablespace_map/status	whole bucket adoption; backup_context owns backup_state and tablespace_map, session_backup_state is scalar status mirrored with shared WAL backup counters	SQL-callable online backup session state.
PgSession	regex	session owned	PgSessionInitializeRegexState()	PgSessionAdoptEarlyState()	PgSessionResetClosedState() deletes the compiled-regexp cache context, clears the inline cached-regexp array/count, and frees regex ctype cache list through regex-owned helper	whole bucket adoption; compiled regexp entries are inline slots whose cre_context children belong to regexp_cache_context and must not be shallow-copied between concurrently live sessions; ctype cache list belongs to session	Regex session caches.
PgSession	portal_manager	session owned	PgSessionInitializePortalManagerState()	PgSessionAdoptEarlyState()	PgSessionResetClosedState() deletes TopPortalContext, which owns portal structs, portal contexts, hold contexts, and the portal hash table, then clears the unnamed-portal counter	whole bucket adoption; TopPortalContext and portal_hash_table move with the logical session and must not be shallow-copied between concurrently live sessions	Portal manager state for named portals and unnamed portal name generation.
PgSession	large_object	session owned	PgSessionInitializeLargeObjectState()	PgSessionAdoptEarlyState()	PgSessionResetClosedState() clears large-object relation slots after AtEOXact_LargeObject()/close_lo_relation() own open-descriptor and relation cleanup	whole bucket adoption; relation pointers must be NULL before closed-session reset	Large object session state.
PgSession	async	session owned	PgSessionInitializeAsyncState()	PgSessionAdoptEarlyState()	PgSessionResetClosedState() destroys any remaining local channel hash and clears listener registration after proc-exit async cleanup	whole bucket adoption; shared listener cleanup remains proc-exit callback-owned	LISTEN/NOTIFY session state.
PgSession	encoding	session owned	PgSessionInitializeEncodingState()	PgSessionAdoptEarlyState()	PgSessionResetClosedState() deletes the encoding conversion cache context, which owns conversion procedure list cells, ConvProcInfo entries, and UTF8-to-server FmgrInfo entries; GUC reset machinery owns client/server encoding display strings; encoding descriptors are borrowed from global lookup tables	scalar/pointer-slot whole bucket adoption; conversion cache context and pointer slots move with the session and must not be shallow-copied between concurrently live sessions; string variables rebound through RebindSessionGUCVariablePointers()	Client/server encoding state and conversion cache.
PgSession	temp_file	session owned	PgSessionInitializeTempFileState()	PgSessionAdoptEarlyState()	PgSessionResetClosedState() resets temporary-file counters and temp tablespace slots after AtEOXact_Files()/BeforeShmemExit_Files() own file cleanup	whole bucket adoption; temp tablespace OID array lifespan remains caller/transaction owned	Temporary file session state.
PgSession	random	session owned	PgSessionInitializeRandomState()	PgSessionAdoptEarlyState()	no dynamic destroy currently	scalar whole bucket adoption	Session PRNG state.
PgSession	optimizer	session owned	PgSessionInitializeOptimizerState()	PgSessionAdoptEarlyState()	PgSessionResetClosedState() frees planner extension array and destroys operator proof hash	whole bucket adoption; planner extension strings are borrowed, array/hash belong to session	Optimizer session state.
PgSession	plan_cache	session owned	PgSessionInitializePlanCacheState()	PgSessionAdoptEarlyState()	PgSessionResetClosedState() asserts saved plan/expression lists are empty after plancache cleanup owns plan detach/destruction, then reinitializes list heads	whole bucket adoption; plan/expression dlist payloads must not be freed by bucket reset	Plan cache session state.
PgSession	namespace_state	session owned	PgSessionInitializeNamespaceState()	PgSessionAdoptEarlyState()	PgSessionResetClosedState() deletes the derived search-path list context and search-path cache context, then clears namespace/temp-namespace slots after namespace cleanup owns temp relation removal and GUC reset owns namespace_search_path_value	whole bucket adoption; namespace_search_path_value is GUC-owned; search_path_context owns base/active search-path list cells; search-path cache context owns cached entries	Namespace/search-path state.
PgSession	locale	session owned	PgSessionInitializeLocaleState()	PgSessionAdoptEarlyState()	PgSessionResetClosedState() deletes localized-time, localeconv, and collation cache contexts, frees localeconv malloc strings, clears localized-time arrays and last-cache pointers	whole bucket adoption; GUC locale strings remain GUC-owned; localized-time, localeconv, and collation cache contexts belong to session	Locale and collation cache state.
PgSession	dynamic_library_context	session owned	created by PgSessionGetDynamicLibraryMemoryContext()	no early fallback	PgSessionResetClosedState() deletes context	context pointer owned by session; never copied across sessions	Memory context for per-session extension _PG_init replay list cells.
PgSession	dynamic_library_inits	session owned	zeroed with session	no early fallback	PgSessionResetClosedState() frees list context or legacy list cells	list pointer must not be shallow-copied across sessions	Per-session extension _PG_init replay list; library handles remain runtime-owned.
PgConnection	backend	backend link	InitializePgProcessRuntime()/InitializePgThreadBackendRuntimeState()	no early fallback	no destroy here; backend owns target	pointer link assigned by constructor	Back-reference to backend object.
PgConnection	session	session link	InitializePgProcessRuntime()/InitializePgThreadBackendRuntimeState()	no early fallback	no destroy here; session owns target	pointer link assigned by constructor	Back-reference to session object.
PgConnection	identity	connection owned	zeroed or constructor port assignment	PgConnectionAdoptEarlyState()	PgConnectionResetClosedState() deletes port_context, clears the Port pointer, and clears cancel key state	whole bucket adoption with preserved-port rule; PortContext moves with the logical connection and owns the Port payload allocated by pq_init()	Connection Port, PortContext, and cancel key.
PgConnection	socket_io	connection owned	zeroed with connection	PgConnectionAdoptEarlyState()	PgConnectionResetClosedState() deletes socket_io_context and clears send/receive cursor state; socket_close normally deletes the same context before closed-state reset	whole bucket adoption; socket_io_context owns PqSendBuffer and must move with send_buffer/send cursor state; recv_buffer is inline fixed storage	Send/receive buffer state, including the Win32 emulated nonblocking flag.
PgConnection	protocol	connection owned	zeroed with connection	PgConnectionAdoptEarlyState()	PgConnectionResetClosedState(); socket_close frees wait set first	whole bucket adoption	Protocol methods and frontend wait set.
PgConnection	output	connection owned	PgConnectionInitializeOutputState()	PgConnectionAdoptEarlyState()	PgConnectionResetClosedState() restores default output destination/check interval	scalar whole bucket adoption	Output destination/check interval.
PgConnection	interrupts	connection owned	zeroed with connection	PgConnectionAdoptEarlyState()	PgConnectionResetClosedState() clears client connection interrupt flags	scalar whole bucket adoption	Client connection interrupt flags.
PgConnection	startup	connection owned	PgConnectionInitializeStartupState()	PgConnectionAdoptEarlyState()	PgConnectionResetClosedState() clears client socket pointer and deletes saved connection warning context/list/message/detail state; EmitConnectionWarnings() deletes the same context after normal emission	whole bucket adoption; warning context/list/message/detail state moves with the connection and must not be shallow-copied between concurrently live connections	Backend startup/auth timing state and deferred connection warning scratch.
PgConnection	client_connection_info	connection owned	zeroed with connection	PgConnectionAdoptEarlyState()	PgConnectionResetClosedState() clears authenticated-client info and falls back to pfree only for restored authn_id strings without a client_connection_info_context; normal authentication strings remain PortContext-owned	scalar/pointer whole bucket adoption; authn_id pointer must move with client_connection_info_context and client_connection_info_authn_id_owned and must not be shallow-copied between concurrently live connections	Authenticated-client info.
PgConnection	client_connection_info_context	connection owned	zeroed with connection	PgConnectionAdoptEarlyState()	PgConnectionResetClosedState() deletes the context after client_connection_info has cleared authn_id	session/backend restored authn_id strings are allocated here; the context pointer moves with client_connection_info and client_connection_info_authn_id_owned during fallback adoption	Authenticated-client info allocation context.
PgConnection	client_connection_info_authn_id_owned	connection owned	zeroed with connection	PgConnectionAdoptEarlyState()	PgConnectionResetClosedState() clears the ownership flag after client_connection_info reset	scalar adoption paired with client_connection_info; true means the runtime object owns authn_id and must free it on connection reset	Ownership bit for restored authenticated-client info.
PgConnection	security	connection owned	zeroed with connection	PgConnectionAdoptEarlyState()	PgConnectionResetClosedState() frees GSS buffers and clears borrowed PAM fields	whole bucket adoption	SSL/GSS/PAM connection security state.
PgExecution	backend	backend link	InitializePgProcessRuntime()/InitializePgThreadBackendRuntimeState()	no early fallback	no destroy here; backend owns target	pointer link assigned by constructor	Back-reference to backend object.
PgExecution	session	session link	InitializePgProcessRuntime()/InitializePgThreadBackendRuntimeState()	no early fallback	no destroy here; session owns target	pointer link assigned by constructor	Back-reference to session object.
PgExecution	carrier	carrier link	InitializePgProcessRuntime()/InitializePgThreadBackendRuntimeState()	no early fallback	no destroy here; carrier owns target	pointer link assigned by constructor	Back-reference to current carrier.
PgExecution	debug	execution owned	zeroed with execution	PgExecutionAdoptEarlyState()	PostgresMain command/error paths and PgBackendExitCleanup()/PgExecutionResetClosedState() clear borrowed debug query pointer	scalar whole bucket adoption; pointer is borrowed query text, not freed by bucket	Debug query string pointer.
PgExecution	error	execution owned	PgExecutionInitializeErrorState()	PgExecutionAdoptEarlyState()	PgExecutionResetClosedState() restores the default error stack depth and clears borrowed callback/exception stack pointers; error context cleanup owns palloc'd ErrorData string contents and callback-owned context state	whole bucket adoption; errordata stack and formatted timestamp cache are inline execution state; context/exception stack pointers are borrowed from existing error handling	Error reporting state.
PgExecution	memory_contexts	execution owned	zeroed with execution	PgExecutionAdoptEarlyState()	PgBackendExitCleanup()/PgExecutionResetClosedState() deletes MessageContext and clears retained context slots after session/backend reset; transaction/portal cleanup owns remaining pointed-to contexts for now	pointer-slot adoption only; pointed-to contexts must not be shallow-copied between concurrently live executions; MessageContext is execution-owned and reset each protocol loop iteration; TopMemoryContext pointer follows the execution object, but the pointed TopMemoryContext tree remains carrier-owned until the broader memory ownership split	Top/current/error/message transaction contexts.
PgExecution	resource_owners	execution owned	zeroed with execution	PgExecutionAdoptEarlyState()	PgExecutionResetClosedState() clears borrowed ResourceOwner pointers after resource owner cleanup owns target objects and deletes the execution-owned ResourceOwner allocation context when no live owner slots remain	whole bucket adoption; ResourceOwner objects and hash arrays allocate under the execution-owned context, but resource release/delete semantics remain explicit	ResourceOwner bridge state and allocation context.
PgExecution	spi	execution owned	PgExecutionInitializeSPIState()	PgExecutionAdoptEarlyState()	PgExecutionResetClosedState() restores default SPI scalar/pointer slots after SPI cleanup owns stack/result state	whole bucket adoption	SPI execution state.
PgExecution	portal	execution owned	zeroed with execution	PgExecutionAdoptEarlyState()	PgExecutionResetClosedState() clears borrowed active portal pointer after portal cleanup owns active portal state	whole bucket adoption	Active portal state.
PgExecution	vacuum	execution owned	PgExecutionInitializeVacuumState()	PgExecutionAdoptEarlyState()	PgExecutionResetClosedState() restores default vacuum execution slots after vacuum cleanup owns active shared-cost state	whole bucket adoption	Vacuum execution state.
PgExecution	node_io	execution owned	PgExecutionInitializeNodeIOState()	PgExecutionAdoptEarlyState()	PgExecutionResetClosedState() clears scalar flags and borrowed tokenizer pointer	whole bucket adoption; strtok pointer must not be freed by bucket	Node I/O execution state.
PgExecution	basebackup	execution owned	PgExecutionInitializeBaseBackupState()	PgExecutionAdoptEarlyState()	PgExecutionResetClosedState() restores default basebackup counters/flags after basebackup cleanup owns active state	whole bucket adoption	Base backup execution state.
PgExecution	analyze	execution owned	PgExecutionInitializeAnalyzeState()	PgExecutionAdoptEarlyState()	PgExecutionResetClosedState() deletes any retained ANALYZE context, clears the strategy slot, and restores default analyze state after active ANALYZE cleanup owns normal state	whole bucket adoption; analyze context must not be shared between concurrently live executions	Analyze execution state.
PgExecution	extension	execution owned	PgExecutionInitializeExtensionState()	PgExecutionAdoptEarlyState()	PgExecutionResetClosedState() restores default extension DDL, auto_explain execution sampling/nesting state, and pgcrypto debug callback state after extension cleanup owns active state	whole bucket adoption; early fallback transfers extension DDL state, auto_explain execution-local state, and pgcrypto debug callback pointer into the real execution object	Extension command execution state plus auto_explain per-execution nesting/sampling state and pgcrypto temporary debug callback state.
PgExecution	matview	execution owned	PgExecutionInitializeMatViewState()	PgExecutionAdoptEarlyState()	PgExecutionResetClosedState() restores default materialized-view maintenance depth after matview cleanup owns active state	whole bucket adoption	Materialized view refresh state.
PgExecution	snapshot	execution owned	PgExecutionInitializeSnapshotState()	PgExecutionAdoptEarlyState()	PgExecutionResetClosedState() restores default snapshot slots after snapshot cleanup owns stacks/lists	whole bucket adoption	Snapshot execution state.
PgExecution	combo_cid	execution owned	PgExecutionInitializeComboCidState()	PgExecutionAdoptEarlyState()	PgExecutionResetClosedState() clears combo CID hash/array slots after combo CID cleanup owns hash/array	whole bucket adoption	Combo CID state.
PgExecution	xloginsert	execution owned	PgExecutionInitializeXLogInsertState()	PgExecutionAdoptEarlyState()	PgExecutionResetClosedState() deletes any retained WAL record construction context, thereby reclaiming registered buffer, rdata, and header scratch arrays, then restores default XLog insert state	whole bucket adoption; begininsert state must not be shallow-copied while a record is active, and the construction context must not be shared between concurrently live executions	XLog insertion execution state.
PgExecution	xact	execution owned	PgExecutionInitializeXactState()	PgExecutionAdoptEarlyState()	PgExecutionResetClosedState() deletes any retained TransactionAbortContext, restores default transaction execution slots, and leaves normal transaction cleanup to own active xact state	whole bucket adoption; scalar counters/timestamps copied by value; unreported_xids is inline fixed storage matched to PGPROC; ParallelCurrentXids and prepare_gid are borrowed pointers owned by parallel transaction restore and transaction prepare state; top/current transaction-stack pointers are opaque xact.c-owned TransactionStateData pointers allocated under TopMemoryContext	Transaction execution state for xact flags, XID bookkeeping, command IDs, timestamps, prepare GID, force-sync flag, transaction-stack root/current pointer, and abort context bridge.
PgExecution	transaction_cleanup	execution owned	PgExecutionInitializeTransactionCleanupState()	PgExecutionAdoptEarlyState()	PgExecutionResetClosedState() deletes any retained large-object cleanup context and clears transaction cleanup bridge slots after existing transaction/subtransaction cleanup owns live LO descriptors, temp-file cleanup flag, pgstat xact stack, and RI fast-path cache cleanup	whole bucket adoption; pgstat xact stack and RI fast-path hash are borrowed pointers owned by their existing transaction memory contexts, resource owners, and cleanup callbacks; temp-file and callback flags are copied scalars	Transaction cleanup bridge for LO descriptors, xact temp-file cleanup marker, pgstat subtransaction stack, and RI fast-path batch cache.
PgExecution	replication_scratch	execution owned	PgExecutionInitializeReplicationScratchState()	PgExecutionAdoptEarlyState()	PgExecutionResetClosedState() deletes any open event-trigger query-state stack, deletes the execution-owned event-trigger parent context, deletes retained logical apply message and streaming contexts, and restores default replication scratch slots; logical replication cleanup owns live callbacks	whole bucket adoption; event-trigger query-state contexts are children of event_trigger_context and must not be shallow-copied between concurrently live executions; apply message and streaming contexts must not be shared between concurrently live executions; apply error stack is borrowed callback state; replorigin state is copied scalar LSN/origin/timestamp state	Execution scratch state for event-trigger query state, replication origin transaction state, and logical apply message/streaming contexts.
PgExecution	guc_error	execution owned	PgExecutionInitializeGUCErrorState()	PgExecutionAdoptEarlyState()	PgExecutionResetClosedState() clears GUC error scratch strings after GUC error cleanup owns strings	whole bucket adoption	GUC error reporting state.
PgExecution	async	execution owned	PgExecutionInitializeAsyncState()	PgExecutionAdoptEarlyState()	PgExecutionResetClosedState() clears async transaction slots after async transaction cleanup owns pending actions/notifies and SignalBackends workspace	whole bucket adoption; pending lists live in transaction contexts; signal arrays live in PgExecution.async.signal_context, which is deleted by PgExecutionResetClosedState()	LISTEN/NOTIFY transaction execution state.
PgExecution	catalog	execution owned	PgExecutionInitializeCatalogState()	PgExecutionAdoptEarlyState()	PgExecutionResetClosedState() restores default catalog execution slots after enum/reindex/smgr transaction cleanup owns hash/list state	whole bucket adoption; serialized parallel-worker restore rebuilds local lists/hashes	Catalog execution state for enum safety, reindex suppression, and pending storage cleanup.
PgExecution	catalog_cache	execution owned	PgExecutionInitializeCatalogCacheState()	PgExecutionAdoptEarlyState()	PgExecutionResetClosedState() clears catalog-cache execution slots after existing relcache/catcache cleanup owns in-progress stack entries, relcache EOXact tupledesc array, and per-transaction cleanup state	whole bucket adoption; catcache and relcache in-progress pointers are borrowed stack/cache-context pointers; relcache EOXact OID list is inline scalar storage; tupledesc array pointer is owned by existing relcache EOXact cleanup	Catalog cache execution state for catcache in-progress stack and relcache build/EOXact scratch.
PgExecution	relmap	execution owned	PgExecutionInitializeRelMapState()	PgExecutionAdoptEarlyState()	PgExecutionResetClosedState() restores empty relation maps after existing relmapper CCI/EOXact cleanup owns active and pending map lifecycle	whole bucket adoption; active/pending map files are inline scalar storage copied by value; parallel-worker restore replaces active maps only after asserting all active/pending maps are empty	Relation mapper active/pending transaction update state.
PgExecution	invalidation	execution owned	PgExecutionInitializeInvalidationState()	PgExecutionAdoptEarlyState()	PgExecutionResetClosedState() clears invalidation pointer slots after existing inval command/subtransaction/transaction cleanup owns message processing and pointer reset	whole bucket adoption; message arrays are TopTransactionContext allocations borrowed by the inval transaction lifecycle; trans/inplace info pointers are owned by TopTransactionContext or current critical-section context	Cache invalidation transaction and inplace-update execution state.
PgExecution	two_phase_records	execution owned	PgExecutionInitializeTwoPhaseRecordState()	PgExecutionAdoptEarlyState()	PgExecutionResetClosedState() clears two-phase record chain slots after EndPrepare() clears the chain or transaction/error context cleanup owns allocated chunks on abort	whole bucket adoption; state-file chunks are borrowed pointers allocated by existing prepare-transaction context lifetime	Two-phase prepare state-file assembly scratch.
PgExecution	trigger	execution owned	PgExecutionInitializeTriggerState()	PgExecutionAdoptEarlyState()	PgExecutionResetClosedState() deletes the execution-owned after-trigger parent context, clears trigger depth/private-state slots, and restores default trigger state after existing trigger transaction/subtransaction cleanup deletes event contexts, query stacks, transition tuplestores, and callback lists	whole bucket adoption; depth is scalar; after-trigger private state is an opaque allocation under after_triggers_context and must not be shallow-copied between concurrently live executions; internal event/list/context pointers remain owned by existing trigger cleanup	Trigger nesting depth and after-trigger transaction/query execution state.
PgExecution	regex	execution owned	PgExecutionInitializeRegexState()	PgExecutionAdoptEarlyState()	PgExecutionResetClosedState() clears borrowed regex locale pointer	whole bucket adoption; locale object owned by collation/locale cache	Execution regex state.
PgExecution	valgrind	execution owned	PgExecutionInitializeValgrindState()	PgExecutionAdoptEarlyState()	PgExecutionResetClosedState() restores default scalar error-count state	scalar whole bucket adoption	Valgrind error-count state.
PgExecution	snapbuild	execution owned	PgExecutionInitializeSnapBuildState()	PgExecutionAdoptEarlyState()	PgExecutionResetClosedState() clears snapbuild export slots after snapbuild cleanup owns export state	whole bucket adoption	Logical decoding snapbuild state.
